Class,Order,Family,Species,Sex Determination,heterogametic lifespan,homogametic lifespan,lnRRlifespan,Population source,Lifespan data type,GS Female Mb,GS Male Mb,GS Diff Mb
Actinopterygii,Salmoniformes,Salmonidae,Coregonus hoyi,male heterogametic,9,11,0.2006707,wild,max,,,
Actinopterygii,Salmoniformes,Salmonidae,Coregonus kiyi,male heterogametic,8,10,0.22314355,wild,max,,,
Amphibia,Anura,Alytidae,Discoglossus pictus,female heterogametic,3.08,3,-0.0263173,wild,mean,,,
Amphibia,Anura,Dicroglossidae,Fejervarya limnocharis,male heterogametic,2,2.2,0.09531018,wild,mean,,,
Amphibia,Anura,Pyxicephalidae,Pyxicephalus adspersus,female heterogametic,4,6,0.40546511,wild,mean,,,
Amphibia,Anura,Ranidae,Rana sakuraii,male heterogametic,3.25,3.45,0.05971924,wild,mean,,,
Amphibia,Anura,Ranidae,Rana tagoi tagoi,male heterogametic,2.9,3.2,0.09844007,wild,mean,,,
Amphibia,Anura,Ranidae,Rugosa rugosa,female heterogametic,2.52,1.89,-0.2876821,wild,mean,,,
Amphibia,Anura,Ranidae,Rana rugosa rugosa,,,,,,,,,
Amphibia,Caudata,Hynobiidae,Hynobius quelpaertensis,female heterogametic,5.54,5.21,-0.0614146,wild,mean,,,
Arachnida,Araneae,Scytodidae,Scytodes thoracica,male heterogametic,2,3,0.40546511,wild,max,,,
Arachnida,Araneae,Theridiidae,Anelosimus eximius,male heterogametic,71,76,0.06805346,wild,mean,,,
Arachnida,Araneae,Theridiidae,Anelosimus eximius,male heterogametic,103,103,0,wild,max,,,
Arachnida,Ixodida,Ixodidae,Amblyomma cajennense,male heterogametic,641.2,682.5,0.06242111,captive,mean,2982.9,2552.58,860.64
Arachnida,Sarcoptiformes,Acaridae,Tyrophagus neiswanderi,male heterogametic,232.1,124.6,-0.6220597,captive,mean,,,
Aves,Accipitriformes,Pandionidae,Pandion haliaetus,female heterogametic,6.59,6.48,-0.0168328,wild,mean,,,
Aves,Anseriformes,Anatidae,Anas discors,female heterogametic,22.3,17.4,-0.2481165,wild,mean,,,
Aves,Anseriformes,Anatidae,Anser albifrons,female heterogametic,20.3,22.3,0.09396579,wild,mean,,,
Aves,Anseriformes,Anatidae,Branta canadensis,female heterogametic,23.5,24.3,0.03347593,wild,mean,,,
Aves,Anseriformes,Anatidae,Branta leucopsis,female heterogametic,7,7.8,0.10821359,wild,mean,,,
Aves,Anseriformes,Anatidae,Bucephala albeola,female heterogametic,11.5,14.9,0.25901418,wild,mean,,,
Aves,Anseriformes,Anatidae,Bucephala clangula,female heterogametic,12,11,-0.0870114,wild,mean,,,
Aves,Anseriformes,Anatidae,Clangula hyemalis,female heterogametic,15.6,15.3,-0.0194181,wild,mean,,,
Aves,Anseriformes,Anatidae,Cygnus columbianus,female heterogametic,5.6,6.94,0.21453518,wild,mean,,,
Aves,Anseriformes,Anatidae,Mareca americana,female heterogametic,1.7,2.3,0.30228087,wild,mean,,,
Aves,Anseriformes,Anatidae,Mergus merganser,female heterogametic,13.8,12.5,v,wild,max,,1956,
Aves,Charadriiformes,Laridae,Rissa tridactyla,female heterogametic,6.56,5.24,-0.2246691,wild,mean,,,
Aves,Charadriiformes,Scolopacidae,Calidris alpina,female heterogametic,3.9,8.6,0.79078565,wild,mean,,,
Aves,Charadriiformes,Scolopacidae,Calidris minutilla,female heterogametic,16,11.25,-0.3522206,wild,mean,,,
Aves,Charadriiformes,Scolopacidae,Phalaropus tricolor,female heterogametic,10,10,0,wild,mean,,,
Aves,Falconiformes,Falconidae,Falco mexicanus,female heterogametic,10.6,9.1,-0.1525796,wild,mean,,,
Aves,Galliformes,Phasianidae,Falcipennis canadensis,female heterogametic,5.3,13,0.89724254,wild,mean,,,
Aves,Galliformes,Phasianidae,Lagopus leucura,female heterogametic,12,15,0.22314355,wild,mean,,,
Aves,Galliformes,Phasianidae,Lyrurus tetrix,female heterogametic,3.81,2.53,-0.4094099,wild,mean,,,
Aves,Gruiformes,Gruidae,Grus leucogeranus,female heterogametic,32.3,36.2,0.11399189,captive,mean,,,
Aves,Passeriformes,Cardinalidae,Passerina cyanea,female heterogametic,11,11,0,wild,mean,,,
Aves,Passeriformes,Corvidae,Aphelocoma coerulescens,female heterogametic,4.82,4.52,-0.0642619,wild,mean,1515.9,1545.24,-58.68
Aves,Passeriformes,Corvidae,Corvus corone,female heterogametic,13,11,-0.1670541,captive,mean,,,
Aves,Passeriformes,Corvidae,Pica hudsonia,female heterogametic,2,3.5,0.55961579,wild,mean,,,
Aves,Passeriformes,Icteridae,Sturnella neglecta,female heterogametic,9,10,0.10536052,captive,mean,,,
Aves,Passeriformes,Leiotrichidae,Argya squamiceps,female heterogametic,2.95,4.3,0.37680985,wild,mean,,,
Aves,Passeriformes,Parulidae,Setophaga kirtlandii,female heterogametic,8,9,0.11778304,wild,mean,,,
Aves,Passeriformes,Passerellidae,Ammodramus caudacutus,female heterogametic,6,10,0.51082562,wild,mean,,,
Aves,Passeriformes,Passerellidae,Ammodramus maritimus,female heterogametic,9,9,0,wild,mean,,,
Aves,Passeriformes,Passerellidae,Ammodramus nelsoni,female heterogametic,6,10,0.51082562,wild,max,,,
Aves,Pelecaniformes,Threskiornithidae,Geronticus eremita,female heterogametic,32,37,0.14518201,captive,max,,,
Aves,Piciformes,Picidae,Melanerpes formicivorus,female heterogametic,3.08,4.3,0.33368543,wild,mean,,1652.82,
Aves,Psittaciformes,Psittaculidae,Neophema chrysogaster,female heterogametic,2.67,2.75,0.02952244,wild,mean,,,
Aves,Trochiliformes,Trochilidae,Selasphorus platycercus,female heterogametic,12.2,7.1,-0.5413412,wild,mean,1066.02,,
Chondrichthyes,Myliobatiformes,Dasyatidae,Dasyatis americana,female heterogametic,13,12,-0.0800427,wild,max,,,
Chondrichthyes,Myliobatiformes,Dasyatidae,Dasyatis americana,female heterogametic,31.5,7.9,-1.3831248,wild,mean,,,
Insecta,Blattodea,Blaberidae,Diploptera punctata,male heterogametic,28.9,42.9,0.39503023,captive,mean,,,
Insecta,Blattodea,Blaberidae,Nauphoeta cinerea,male heterogametic,46.1,61.1,0.28169892,captive,mean,5046.48,5026.92,39.12
Insecta,Blattodea,Blattidae,Blatta orientalis,male heterogametic,20,32.1,0.47312376,captive,mean,,,
Insecta,Blattodea,Blattidae,Eurycotis floridana,male heterogametic,29.7,43,0.37005307,captive,mean,,,
Insecta,Blattodea,Blattidae,Periplaneta americana,male heterogametic,43.7,89.6,0.71800722,captive,mean,3332,3338,-12
Insecta,Blattodea,Ectobiidae,Blattella germanica,male heterogametic,9.6,41.9,1.47352273,captive,mean,,,
Insecta,Blattodea,Ectobiidae,Blattella germanica,male heterogametic,150,200,0.28768207,wild,max,,,
Insecta,Blattodea,Ectobiidae,Blattella vaga,male heterogametic,16.8,32.4,0.65677954,captive,mean,,,
Insecta,Blattodea,Ectobiidae,Supella longipalpa,male heterogametic,150.3,152.2,0.01256215,captive,mean,,,
Insecta,Coleoptera,Carabidae,Harpalus affinis,male heterogametic,287.1,288.9,0.00625002,captive,mean,,,
Insecta,Coleoptera,Cerambycidae,Anoplophora glabripennis,male heterogametic,106.2,88,-0.1879873,captive,mean,,,
Insecta,Coleoptera,Cerambycidae,Anoplophora glabripennis,male heterogametic,50,66,0.27763174,wild,mean,,,
Insecta,Coleoptera,Chrysomelidae,Callosobruchus maculatus,male heterogametic,9.75,14.875,0.42241467,captive,mean,1233,1202.4,61.2
Insecta,Coleoptera,Chrysomelidae,Caryedon serratus,male heterogametic,17.5,16.4,-0.0649195,captive,median,,,
Insecta,Coleoptera,Chrysomelidae,Cassida rubiginosa,male heterogametic,37.4,37.7,0.00798939,captive,mean,,,
Insecta,Coleoptera,Chrysomelidae,Timarcha tenebricosa,male heterogametic,135,182,0.29873191,captive,mean,,,
Insecta,Coleoptera,Coccinellidae,Adalia bipunctata,male heterogametic,137.4,155.44,0.12336343,captive,mean,,,
Insecta,Coleoptera,Curculionidae,Anthonomus grandis,male heterogametic,71,64,-0.1037968,captive,mean,,,
Insecta,Coleoptera,Curculionidae,Dendroctonus frontalis,male heterogametic,17.75,19.75,0.10676798,captive,mean,,,
Insecta,Coleoptera,Laemophloeidae,Cryptolestes ferrugineus,male heterogametic,612.8,525.7,-0.1533079,captive,mean,,,
Insecta,Coleoptera,Scarabaeidae,Cetonia aurata,male heterogametic,57,88,0.43428555,captive,mean,,,
Insecta,Coleoptera,Scarabaeidae,Copris lunaris,male heterogametic,497,623,0.22595649,captive,mean,,,
Insecta,Coleoptera,Scarabaeidae,Melolontha melolontha,male heterogametic,19,27,0.35139789,captive,mean,,,
Insecta,Coleoptera,Scarabaeidae,Oryctes nasicornis,male heterogametic,37,55,0.39641527,captive,mean,,,
Insecta,Coleoptera,Scarabaeidae,Popillia japonica,male heterogametic,32,38,0.17185026,captive,mean,,,
Insecta,Coleoptera,Tenebrionidae,Gnathocerus cornutus,male heterogametic,140.4,157.7,0.116199,captive,mean,,,
Insecta,Coleoptera,Tenebrionidae,Tenebrio molitor,male heterogametic,68.5,70.7,0.03161183,captive,mean,,,
Insecta,Coleoptera,Tenebrionidae,Tribolium castaneum,male heterogametic,15.1,17.9,0.17010597,captive,mean,,,
Insecta,Coleoptera,Tenebrionidae,Tribolium confusum,male heterogametic,13.6,18,0.28030197,captive,mean,,,
Insecta,Diptera,Calliphoridae,Chrysomya megacephala,male heterogametic,25.3,25.8,0.0195701,captive,mean,655.1,646.4,17.4
Insecta,Diptera,Calliphoridae,Cochliomyia hominivorax,male heterogametic,28,32.1,0.13665152,captive,mean,441.5,443.8,-4.6
Insecta,Diptera,Calliphoridae,Lucilia cuprina,male heterogametic,23.69,31.91,0.29786642,captive,mean,665.4,567.9,195
Insecta,Diptera,Culicidae,Anopheles quadrimaculatus,male heterogametic,7,21,1.09861229,wild,mean,,244.5,
Insecta,Diptera,Culicidae,Anopheles quadrimaculatus,male heterogametic,22,62,1.03609193,captive,max,,244.5,
Insecta,Diptera,Culicidae,Anopheles stephensi,male heterogametic,8.04,8.09,0.00619965,captive,mean,,,
Insecta,Diptera,Drosophilidae,Drosophila melanogaster,male heterogametic,51.2,38.9,-0.2747453,captive,mean,224.94,224.94,
Insecta,Diptera,Muscidae,Musca autumnalis,male heterogametic,12.1,23.1,0.64662717,captive,mean,,,
Insecta,Diptera,Muscidae,Musca domestica,male heterogametic,33.8,44.6,0.27727306,captive,mean,1020.7,975,91.4
Insecta,Diptera,Syrphidae,Episyrphus balteatus,male heterogametic,6.6,10.68,0.48130318,captive,mean,530,531,-2
Insecta,Diptera,Syrphidae,Merodon equestris,male heterogametic,12.4,10,-0.2151114,wild,mean,,,
Insecta,Diptera,Tephritidae,Anastrepha fraterculus,male heterogametic,95,105,0.10008346,captive,mean,,,
Insecta,Diptera,Tephritidae,Anastrepha ludens,male heterogametic,2.99,3.34,0.11069742,wild,mean,,,
Insecta,Diptera,Tephritidae,Anastrepha obliqua,male heterogametic,45,80,0.57536415,captive,mean,,,
Insecta,Diptera,Tephritidae,Anastrepha sororcula,male heterogametic,140,135,-0.0363676,captive,mean,,,
Insecta,Diptera,Tephritidae,Bactrocera oleae,male heterogametic,74.1,98.2,0.28159068,captive,mean,,,
Insecta,Diptera,Tephritidae,Ceratitis capitata,male heterogametic,24,32,0.28768207,captive,median,,,
Insecta,Diptera,Tephritidae,Procecidochares utilis,female heterogametic,14,10,-0.3364722,captive,mean,,,
Insecta,Lepidoptera,Bombycidae,Bombyx mori,female heterogametic,47.3,44.9,-0.0520725,captive,mean,,508.56,
Insecta,Lepidoptera,Erebidae,Lymantria dispar,female heterogametic,8.5,4.5,-0.6359888,captive,mean,,,
Insecta,Lepidoptera,Papilionidae,Papilio polytes,female heterogametic,8.06,12.74,0.45783309,wild,mean,,,
Insecta,Lepidoptera,Pieridae,Colias eurytheme,female heterogametic,14,25,0.5798185,wild,mean,,,
Insecta,Lepidoptera,Pieridae,Pieris brassicae,female heterogametic,87.5,85.7,-0.020786,captive,mean,,,
Insecta,Lepidoptera,Pyralidae,Cadra cautella,female heterogametic,11,9.9,-0.1053605,captive,mean,,,
Insecta,Lepidoptera,Pyralidae,Galleria mellonella,female heterogametic,7.2,14.8,0.72054616,captive,mean,,,
Insecta,Lepidoptera,Pyralidae,Plodia interpunctella,female heterogametic,5.6,5.7,0.01769958,captive,mean,,,
Insecta,Lepidoptera,Tortricidae,Cydia pomonella,female heterogametic,19.1,21.6,0.12300498,captive,mean,,,
Insecta,Odonata,Calopterygidae,Calopteryx maculata,male heterogametic,5.68,8.81,0.43893621,wild,mean,,,
Insecta,Odonata,Coenagrionidae,Enallagma cyathigerum,male heterogametic,11.3,16.1,0.35401655,captive,mean,,,
Insecta,Odonata,Coenagrionidae,Ischnura elegans,male heterogametic,4.4,10.4,0.86020127,captive,mean,,,
Insecta,Odonata,Coenagrionidae,Ischnura pumilio,male heterogametic,10.7,16.3,0.42092137,captive,mean,,,
Insecta,Odonata,Libellulidae,Sympetrum danae,male heterogametic,22.05,22.54,0.02197891,wild,mean,,,
Insecta,Orthoptera,Acrididae,Oxya fuscovittata,male heterogametic,32,46,0.36290549,captive,max,,,
Insecta,Orthoptera,Melanoplinae,Dichroplus elongatus,male heterogametic,49.92,41.72,-0.1794411,captive,mean,,,
Mammalia,Artiodactyla,Bovidae,Aepyceros melampus,male heterogametic,4.48,5.4,0.18677591,wild,mean,4586.82,,
Mammalia,Artiodactyla,Bovidae,Capricornis crispus,male heterogametic,21,22,0.04652002,wild,max,,,
Mammalia,Artiodactyla,Bovidae,Oreamnos americanus,male heterogametic,5.82,8.18,0.34039189,wild,mean,,,
Mammalia,Artiodactyla,Bovidae,Ovis aries,male heterogametic,3.12,5.13,0.49727266,wild,mean,3286.08,2288.52,1995.12
Mammalia,Artiodactyla,Bovidae,Ovis canadensis,male heterogametic,14,19,0.30538165,wild,max,,,
Mammalia,Artiodactyla,Bovidae,Procapra gutturosa,male heterogametic,7.5,9.5,0.23638878,wild,mean,,,
Mammalia,Artiodactyla,Bovidae,Syncerus caffer,male heterogametic,7.38,7.36,-0.0027137,wild,mean,,,
Mammalia,Artiodactyla,Cervidae,Capreolus capreolus,male heterogametic,5.01,7.91,0.45669187,wild,mean,,,
Mammalia,Artiodactyla,Cervidae,Pudu puda,male heterogametic,15.8,17.4,0.09646027,captive,max,,,
Mammalia,Artiodactyla,Cervidae,Rangifer tarandus,male heterogametic,2.18,4.63,0.75323199,wild,mean,,,
Mammalia,Artiodactyla,Cervidae,Rucervus eldii,male heterogametic,14.9,19.6,0.27416835,captive,max,,,
Mammalia,Artiodactyla,Delphinidae,Delphinus delphis,male heterogametic,22,20,-0.0953102,wild,max,,,
Mammalia,Artiodactyla,Delphinidae,Globicephala melas,male heterogametic,46,59,0.24889605,wild,max,,,
Mammalia,Artiodactyla,Delphinidae,Lagenorhynchus acutus,male heterogametic,22,27,0.20479441,wild,mean,,,
Mammalia,Artiodactyla,Delphinidae,Orcinus orca,male heterogametic,36,63,0.55961579,wild,mean,,,
Mammalia,Artiodactyla,Delphinidae,Orcinus orca,male heterogametic,60,90,0.40546511,wild,max,,,
Mammalia,Artiodactyla,Delphinidae,Pseudorca crassidens,male heterogametic,57,62,0.08408312,captive,max,,,
Mammalia,Artiodactyla,Delphinidae,Tursiops aduncus,male heterogametic,19,26,0.31365756,wild,mean,,,
Mammalia,Artiodactyla,Delphinidae,Tursiops aduncus,male heterogametic,39,49,0.22825865,wild,max,,,
Mammalia,Artiodactyla,Delphinidae,Tursiops truncatus,male heterogametic,9.74,12.34,0.2366049,wild,mean,,3198.06,
Mammalia,Artiodactyla,Delphinidae,Tursiops truncatus,male heterogametic,42,43,0.0235305,wild,max,,3198.06,
Mammalia,Artiodactyla,Monodontidae,Delphinapterus leucas,male heterogametic,40,32,-0.2231436,wild,mean,,,
Mammalia,Artiodactyla,Platanistidae,Platanista gangetica,male heterogametic,28,17.5,-0.4700036,wild,max,,,
Mammalia,Artiodactyla,Ziphiidae,Ziphius cavirostris,male heterogametic,47,28,-0.5179431,wild,max,,,
Mammalia,Carnivora,Canidae,Lycaon pictus,male heterogametic,3.66,3.29,-0.1065756,wild,mean,2669.94,,
Mammalia,Carnivora,Canidae,Nyctereutes procyonoides,male heterogametic,5.5,7.5,0.31015493,wild,max,,,
Mammalia,Carnivora,Canidae,Nyctereutes procyonoides viverrinus,,,,,,,,,
Mammalia,Carnivora,Canidae,Panthera leo,male heterogametic,,,,,,,3119.82,
Mammalia,Carnivora,Felidae,Panthera leo,male heterogametic,4.71,7.8,0.50443583,wild,mean,2885.1,,
Mammalia,Carnivora,Felidae,Panthera leo persica,,,,,,,,3745.74,
Mammalia,Carnivora,Herpestidae,Helogale parvula,male heterogametic,3.55,3.43,-0.0343873,wild,mean,,,
Mammalia,Carnivora,Hyaenidae,Crocuta crocuta,male heterogametic,5.99,6.86,0.13561603,wild,mean,,,
Mammalia,Carnivora,Otariidae,Arctocephalus australis,male heterogametic,20,30,0.40546511,wild,max,,,
Mammalia,Carnivora,Otariidae,Arctocephalus forsteri,male heterogametic,19,25,0.27443685,wild,max,,,
Mammalia,Carnivora,Otariidae,Arctocephalus forsteri,male heterogametic,15,12,-0.2231436,wild,mean,,,
Mammalia,Carnivora,Otariidae,Arctocephalus gazella,male heterogametic,13,23,0.57054486,wild,mean,,,
Mammalia,Carnivora,Otariidae,Arctocephalus gazella,male heterogametic,15,25,0.51082562,wild,max,,,
Mammalia,Carnivora,Otariidae,Callorhinus ursinus,male heterogametic,2,4.6,0.83290912,wild,mean,,,
Mammalia,Carnivora,Otariidae,Eumetopias jubatus,male heterogametic,20,30,0.40546511,wild,max,,,
Mammalia,Carnivora,Otariidae,Zalophus sp.,male heterogametic,19,25,0.27443685,wild,max,,,
Mammalia,Carnivora,Otariidae,Zalophus californianus,,,,,,,,3080.7,
Mammalia,Carnivora,Phocidae,Cystophora cristata,male heterogametic,34,35,0.02898754,wild,mean,,,
Mammalia,Carnivora,Phocidae,Erignathus barbatus,male heterogametic,25,31,0.21511138,wild,mean,,,
Mammalia,Carnivora,Phocidae,Halichoerus grypus,male heterogametic,31,46,0.39465419,wild,mean,,,
Mammalia,Carnivora,Phocidae,Hydrurga leptonyx,male heterogametic,23,26,0.12260232,wild,mean,,,
Mammalia,Carnivora,Phocidae,Leptonychotes weddellii,male heterogametic,21,25,0.17435339,wild,mean,,,
Mammalia,Carnivora,Phocidae,Mirounga angustirostris,male heterogametic,14,14,0,wild,mean,,,
Mammalia,Carnivora,Phocidae,Mirounga leonina,male heterogametic,3.12,4.18,0.29247825,wild,mean,,,
Mammalia,Carnivora,Phocidae,Ommatophoca rossii,male heterogametic,21,19,-0.1000835,wild,mean,,,
Mammalia,Carnivora,Phocidae,Phoca fasciata,male heterogametic,31,23,-0.298493,wild,mean,,,
Mammalia,Carnivora,Phocidae,Phoca largha,male heterogametic,29,32,0.09844007,wild,mean,,,
Mammalia,Carnivora,Phocidae,Phoca vitulina,male heterogametic,26,32,0.20763937,wild,mean,,,
Mammalia,Carnivora,Phocidae,Pusa caspica,male heterogametic,47,50,0.0618754,wild,mean,,,
Mammalia,Carnivora,Phocidae,Pusa hispida,male heterogametic,43,40,-0.0723207,wild,mean,,,
Mammalia,Carnivora,Phocidae,Pusa sibirica,male heterogametic,52,56,0.07410797,wild,mean,,,
Mammalia,Cetacea,Delphinidae,Globicephala macrorhynchus,male heterogametic,46,63,0.31449333,wild,mean,,,
Mammalia,Chiroptera,Pteropodidae,Rousettus aegyptiacus,male heterogametic,25,25,0,captive,max,,,
Mammalia,Chiroptera,Vespertilionidae,Plecotus sp.,,,,,,,2180.94,,
Mammalia,Chiroptera,Vespertilionidae,Plecotus auritus,male heterogametic,7,16,0.82667857,wild,mean,,,
Mammalia,Chiroptera,Vespertilionidae,Plecotus austriacus,male heterogametic,5,9,0.58778667,wild,mean,,,
Mammalia,Dasyuromorphia,Dasyuridae,Antechinus flavipes,male heterogametic,1,2,0.69314718,wild,mean,,,
Mammalia,Dasyuromorphia,Dasyuridae,Antechinus stuartii,male heterogametic,0.9,3,1.2039728,wild,mean,,,
Mammalia,Dasyuromorphia,Dasyuridae,Sminthopsis crassicaudata,male heterogametic,1.3,1.5,0.14310084,wild,mean,,3413.22,
Mammalia,Dasyuromorphia,Myrmecobiidae,Myrmecobius fasciatus,male heterogametic,5,6,0.18232156,captive,mean,,,
Mammalia,Diprotodontia,Phalangeridae,Trichosurus caninus,male heterogametic,12,17,0.34830669,wild,max,,,
Mammalia,Eulipotyphla,Soricidae,Sorex araneus,male heterogametic,10,10,0,wild,mean,,,
Mammalia,Peramelemorphia,Peramelidae,Perameles bougainville,male heterogametic,3,3.5,0.15415068,captive,mean,,,
Mammalia,Peramelemorphia,Peramelidae,Perameles bougainville,male heterogametic,4.5,5,0.10536052,captive,max,,,
Mammalia,Perissodactyla,Equidae,Equus burchellii boehmi,male heterogametic,9.72,8.46,-0.1388364,wild,mean,,,
Mammalia,Perissodactyla,Rhinocerotidae,Ceratotherium simum,male heterogametic,50,50,0,wild,max,,,
Mammalia,Primates,Atelidae,Ateles belzebuth,male heterogametic,26,26,0,captive,mean,,2816.64,
Mammalia,Primates,Atelidae,Ateles fusciceps,male heterogametic,21,21.5,0.0235305,captive,mean,,,
Mammalia,Primates,Atelidae,Lagothrix lagotricha,male heterogametic,24.75,30,0.19237189,captive,mean,,,
Mammalia,Primates,Callitrichidae,Callimico goeldii,male heterogametic,15.75,16.1,0.02197891,captive,mean,,,
Mammalia,Primates,Callitrichidae,Callithrix pygmaea,male heterogametic,18.1,15.08,-0.1825426,captive,mean,,,
Mammalia,Primates,Callitrichidae,Leontopithecus rosalia,male heterogametic,24.75,22,-0.117783,captive,mean,,,
Mammalia,Primates,Cebidae,Cebus albifrons,male heterogametic,25,40.5,0.48242615,captive,mean,,,
Mammalia,Primates,Cebidae,Saimiri sciureus,male heterogametic,22.7,27,0.17347194,captive,mean,,,
Mammalia,Primates,Cercopithecidae,Cercopithecus cephus,male heterogametic,23,23,0,captive,mean,,,
Mammalia,Primates,Cercopithecidae,Cercopithecus nictitans,male heterogametic,18.9,23,0.19633229,captive,mean,,,
Mammalia,Primates,Cercopithecidae,Colobus guereza,male heterogametic,24.5,23.8,-0.0289875,captive,mean,,,
Mammalia,Primates,Cercopithecidae,Macaca fuscata,male heterogametic,12.2,20.7,0.52869775,wild,median,,,
Mammalia,Primates,Cercopithecidae,Macaca fuscata,male heterogametic,27,32,0.16989904,captive,mean,,,
Mammalia,Primates,Cercopithecidae,Macaca fuscata,male heterogametic,12.2,20.5,0.51898893,captive,median,,,
Mammalia,Primates,Cercopithecidae,Macaca mulatta,male heterogametic,5.51,9.44,0.53839136,wild,mean,,,
Mammalia,Primates,Cercopithecidae,Macaca silenus,male heterogametic,38,40,0.05129329,captive,mean,,,
Mammalia,Primates,Cercopithecidae,Mandrillus sphinx,male heterogametic,12.7,22.23,0.55984074,wild,mean,,,
Mammalia,Primates,Cercopithecidae,Nasalis larvatus,male heterogametic,21,20,-0.0487902,captive,mean,,,
Mammalia,Primates,Cercopithecidae,Papio cynocephalus,male heterogametic,7.47,8.74,0.15701519,wild,mean,,,
Mammalia,Primates,Cercopithecidae,Piliocolobus tephrosceles,male heterogametic,15.5,21.2,0.31316116,wild,max,,,
Mammalia,Primates,Cercopithecidae,Piliocolobus tephrosceles,male heterogametic,10.5,13.7,0.26602058,wild,mean,,,
Mammalia,Primates,Cercopithecidae,Semnopithecus entellus,male heterogametic,18,30,0.51082562,wild,max,,,
Mammalia,Primates,Cercopithecidae,Semnopithecus entellus,male heterogametic,24,25,0.040822,captive,mean,,,
Mammalia,Primates,Cercopithecidae,Theropithecus gelada,male heterogametic,7.6,9.62,0.23569602,wild,mean,,,
Mammalia,Primates,Cercopithecidae,Trachypithecus cristatus,male heterogametic,18.8,31.1,0.50335095,captive,mean,,,
Mammalia,Primates,Cheirogaleidae,Cheirogaleus medius,male heterogametic,19.3,17,-0.1268918,captive,mean,,,
Mammalia,Primates,Galagidae,Otolemur garnettii,male heterogametic,15.66,15,-0.0430595,captive,mean,,,
Mammalia,Primates,Hominidae,Gorilla beringei,male heterogametic,18.84,23.57,0.22399245,wild,mean,,,
Mammalia,Primates,Hominidae,Homo sapiens,male heterogametic,80.4,84.6,0.05092009,wild,mean,,3569.7,
Mammalia,Primates,Hominidae,Pan paniscus,male heterogametic,35,48,0.31585295,captive,mean,,,
Mammalia,Primates,Hominidae,Pan troglodytes,male heterogametic,56,59.4,0.05894254,captive,mean,3530.58,3726.18,-391.2
Mammalia,Primates,Hominidae,Pongo abelii,male heterogametic,58,53,-0.0901511,wild,max,,,
Mammalia,Primates,Hominidae,Pongo pygmaeus,male heterogametic,58.8,57.3,-0.0258412,captive,mean,,3735.96,
Mammalia,Primates,Hylobatidae,Hylobates agilis,male heterogametic,44,28,-0.4519851,captive,mean,,,
Mammalia,Primates,Hylobatidae,Hylobates lar,male heterogametic,40,40,0,captive,mean,,3344.76,
Mammalia,Primates,Hylobatidae,Hylobates pileatus,male heterogametic,31,37.9,0.20096391,captive,mean,,,
Mammalia,Primates,Hylobatidae,Symphalangus syndactylus,male heterogametic,37,38,0.02666825,captive,mean,3814.2,3872.88,-117.36
Mammalia,Primates,Indriidae,Propithecus verreauxi,male heterogametic,9.16,8.85,-0.0344287,wild,mean,,,
Mammalia,Primates,Indriidae,Propithecus verreauxi,male heterogametic,20.6,18.2,-0.1238695,captive,mean,,,
Mammalia,Primates,Indriidae,Propithecus verreauxi,male heterogametic,20.6,18.17,-0.1255192,captive,mean,,,
Mammalia,Primates,Lemuridae,Eulemur fulvus,male heterogametic,37,36.5,-0.0136057,captive,mean,,,
Mammalia,Primates,Lemuridae,Eulemur fulvus albocollaris,,,,,,,,,
Mammalia,Primates,Lemuridae,Eulemur fulvus mayottensis,,,,,,,,,
Mammalia,Primates,Lemuridae,Hapalemur griseus,male heterogametic,12.8,17.1,0.28963329,captive,mean,,,
Mammalia,Primates,Lemuridae,Hapalemur griseus griseus,,,,,,,,,
Mammalia,Primates,Lemuridae,Hapalemur griseus griseus,,,,,,,,,
Mammalia,Primates,Lemuridae,Hapalemur griseus olivaceus,,,,,,,,,
Mammalia,Primates,Lemuridae,Hapalemur griseus olivaceus,,,,,,,,,
Mammalia,Primates,Lemuridae,Varecia variegata,male heterogametic,28,30,0.06899287,captive,mean,,,
Mammalia,Primates,Pitheciidae,Cacajao rubicundus,male heterogametic,27,23,-0.1603427,captive,mean,,,
Mammalia,Primates,Pitheciidae,Chiropotes satanas,male heterogametic,12.7,15,0.16644821,captive,mean,,,
Mammalia,Primates,Pitheciidae,Pithecia pithecia,male heterogametic,19.33,18,-0.0712865,captive,mean,,,
Mammalia,Rodentia,Castoridae,Castor canadensis,male heterogametic,2.75,2.93,0.06340151,wild,mean,,,
Mammalia,Rodentia,Cricetidae,Myodes glareolus,male heterogametic,683.2,525,-0.2633894,captive,mean,,,
Mammalia,Rodentia,Cricetidae,Neotoma micropus,male heterogametic,5.6,7.6,0.30538165,wild,mean,,,
Mammalia,Rodentia,Geomyidae,Cratogeomys castanops,male heterogametic,7,13,0.61903921,wild,max,,,
Mammalia,Rodentia,Geomyidae,Orthogeomys cavator,male heterogametic,1.5,3,0.69314718,wild,mean,,,
Mammalia,Rodentia,Geomyidae,Pappogeomys bulleri,male heterogametic,13.6,18.6,0.31309179,captive,mean,,,
Mammalia,Rodentia,Geomyidae,Pappogeomys bulleri,male heterogametic,5,4.75,-0.0512933,wild,max,,,
Mammalia,Rodentia,Geomyidae,Thomomys talpoides,male heterogametic,3,4.75,0.45953233,wild,max,,,
Mammalia,Rodentia,Geomyidae,Thomomys talpoides,male heterogametic,13.6,18.3,0.29683127,wild,mean,,,
Mammalia,Rodentia,Geomyidae,Thomomys talpoides fossor,,,,,,,,,
Mammalia,Rodentia,Muridae,Rattus rattus,,,,,,,,,
Mammalia,Rodentia,Muridae,Rattus rattus diardii,male heterogametic,3,3.5,0.15415068,wild,mean,,,
Mammalia,Rodentia,Muridae,Rhombomys opimus,male heterogametic,3,4,0.28768207,wild,mean,,,
Mammalia,Rodentia,Sciuridae,Cynomys ludovicianus,male heterogametic,1.74,2.8,0.4757343,wild,mean,,,
Mammalia,Rodentia,Sciuridae,Cynomys ludovicianus,male heterogametic,5,8,0.47000363,wild,max,,,
Mammalia,Rodentia,Sciuridae,Spermophilus citellus,male heterogametic,4,6,0.40546511,wild,max,,,
Mammalia,Rodentia,Sciuridae,Urocitellus mollis,male heterogametic,3,5,0.51082562,wild,max,,,
Mammalia,Rodentia,Sciuridae,Urocitellus richardsonii,male heterogametic,3,4,0.28768207,wild,mean,,,
Mammalia,Rodentia,Sciuridae,Urocitellus richardsonii,male heterogametic,3,5,0.51082562,wild,max,,,
Mammalia,Scandentia,Tupaiidae,Tupaia glis,male heterogametic,3.41,4.08,0.1793847,wild,max,,,
Mammalia,Tubulidentata,Orycteropodidae,Orycteropus afer,male heterogametic,24,18,-0.2876821,captive,mean,,4489.02,
Reptilia,Squamata,Lacertidae,Lacerta agilis,female heterogametic,2.59,2.3,-0.1187488,wild,mean,,,
Reptilia,Squamata,Leiosauridae,Pristidactylus achalensis,male heterogametic,4.38,4.65,0.0598185,wild,mean,,,
Reptilia,Squamata,Varanidae,Varanus niloticus,female heterogametic,53.4,55.7,0.0421694,wild,mean,,,
Reptilia,Squamata,Viperidae,Crotalus cerastes,female heterogametic,5,13,0.95551145,wild,mean,,,
Insecta,Diptera,Drosophilidae,Chymomyza amoena,male heterogametic,,,,,,395.2,384.8,20.8
Insecta,Diptera,Drosophilidae,Chymomyza procnemis,male heterogametic,,,,,,298.2,262.4,71.6
Insecta,Diptera,Drosophilidae,Drosophila arizonae,male heterogametic,,,,,,175.4,173.9,3
Insecta,Diptera,Drosophilidae,Drosophila mojavensis,male heterogametic,42.46,36.32,-0.156193903,,mean,165.6,168.7,-6.2
Insecta,Diptera,Drosophilidae,Drosophila mayaguana,NA,,,,,,170,161.7,16.6
Insecta,Diptera,Drosophilidae,Drosophila navojoa,NA,,,,,,170,156.2,27.6
Insecta,Diptera,Drosophilidae,Drosophila mulleri,male heterogametic,31.2,51.2,0.495321437,,mean,168.3,158.9,18.8
Insecta,Diptera,Drosophilidae,Drosophila buzzatii,male heterogametic,,,,,,179.9,169,21.8
Insecta,Diptera,Drosophilidae,Drosophila mercatorum,male heterogametic,,,,,,171.8,159.1,25.4
Insecta,Diptera,Drosophilidae,Drosophila repleta,male heterogametic,,,,,,187.5,165.5,44
Insecta,Diptera,Drosophilidae,Drosophila limensis,male heterogametic,,,,,,203.1,192.9,20.4
Insecta,Diptera,Drosophilidae,Drosophila anceps,male heterogametic,,,,,,201.8,207.5,-11.4
Insecta,Diptera,Drosophilidae,Drosophila eohydei,male heterogametic,,,,,,231,218.7,24.6
Insecta,Diptera,Drosophilidae,Drosophila hydei,male heterogametic,,,,,,207.4,199.5,15.8
Insecta,Diptera,Drosophilidae,Drosophila bromeliae,male heterogametic,,,,,,145.2,137.5,15.4
Insecta,Diptera,Drosophilidae,Drosophila acanthoptera,male heterogametic,,,,,,155.8,145.6,20.4
Insecta,Diptera,Drosophilidae,Drosophila pachea,male heterogametic,,,,,,176.5,148.3,56.4
Insecta,Diptera,Drosophilidae,Drosophila nannoptera,male heterogametic,,,,,,245.9,250.1,-8.4
Insecta,Diptera,Drosophilidae,Drosophila euronotus,Neo,,,,,,176.8,174.3,5
Insecta,Diptera,Drosophilidae,Drosophila paramelanica,Neo,,,,,,192.1,191.6,1
Insecta,Diptera,Drosophilidae,Drosophila melanica,Neo,,,,,,175.9,175.3,1.2
Insecta,Diptera,Drosophilidae,Drosophila micromelanica,male heterogametic,,,,,,206.4,207.1,-1.4
Insecta,Diptera,Drosophilidae,Drosophila robusta,Neo,,,,,,241.6,249.6,-16
Insecta,Diptera,Drosophilidae,Drosophila lacertosa,Neo,,,,,,298,303.1,-10.2
Insecta,Diptera,Drosophilidae,Drosophila sordidula,Neo,,,,,,227.6,229.3,-3.4
Insecta,Diptera,Drosophilidae,Drosophila borealis,male heterogametic,,,,,,257.8,261.5,-7.4
Insecta,Diptera,Drosophilidae,Drosophila montana,male heterogametic,60.4,78,0.255719722,,mean,240.6,242.8,-4.4
Insecta,Diptera,Drosophilidae,Drosophila flavomontana,male heterogametic,,,,,,259.5,259.3,0.4
Insecta,Diptera,Drosophilidae,Drosophila littoralis,male heterogametic,,,,,,253.1,260.1,-14
Insecta,Diptera,Drosophilidae,Drosophila ezoana,male heterogametic,,,,,,192.9,197.9,-10
Insecta,Diptera,Drosophilidae,Drosophila kanekoi,male heterogametic,,,,,,256.4,254.4,4
Insecta,Diptera,Drosophilidae,Drosophila lacicola,male heterogametic,,,,,,196,192.4,7.2
Insecta,Diptera,Drosophilidae,Drosophila lummei,male heterogametic,,,,,,312.7,308.5,8.4
Insecta,Diptera,Drosophilidae,Drosophila novamexicana,male heterogametic,,,,,,249.3,252.7,-6.8
Insecta,Diptera,Drosophilidae,Drosophila virilis,male heterogametic,52.79,62.28,0.165318568,,mean,325.4,338.2,-25.6
Insecta,Diptera,Drosophilidae,Drosophila polychaeta,male heterogametic,,,,,,202.5,206,-7
Insecta,Diptera,Drosophilidae,Drosophila pseudotalamancana,male heterogametic,,,,,,191.6,194.9,-6.6
Insecta,Diptera,Drosophilidae,Scaptomyza anomala,male heterogametic,,,,,,200.2,193.1,14.2
Insecta,Diptera,Drosophilidae,Zaprionus bogoriensis,male heterogametic,,,,,,224.3,226.9,-5.2
Insecta,Diptera,Drosophilidae,Zaprionus ghesquierei,male heterogametic,,,,,,174.5,174.9,-0.8
Insecta,Diptera,Drosophilidae,Zaprionus taronus,NA,,,,,,203.2,199.9,6.6
Insecta,Diptera,Drosophilidae,Zaprionus lachaisei,NA,,,,,,194.3,187.7,13.2
Insecta,Diptera,Drosophilidae,Zaprionus indianus,male heterogametic,,,,,,234.8,229.9,9.8
Insecta,Diptera,Drosophilidae,Zaprionus kolodkinae,NA,,,,,,199.3,195.5,7.6
Insecta,Diptera,Drosophilidae,Zaprionus tuberculatus,male heterogametic,,,,,,198.1,199.2,-2.2
Insecta,Diptera,Drosophilidae,Zaprionus sepsoides,male heterogametic,,,,,,211.8,210.2,3.2
Insecta,Diptera,Drosophilidae,Zaprionus inermis,male heterogametic,,,,,,203.1,202,2.2
Insecta,Diptera,Drosophilidae,Zaprionus tsacasi,male heterogametic,,,,,,221.8,221.1,1.4
Insecta,Diptera,Drosophilidae,Drosophila immigrans,male heterogametic,,,,,,265.2,262.9,4.6
Insecta,Diptera,Drosophilidae,Drosophila albomicans,Neo,,,,,,215.9,220.6,-9.4
Insecta,Diptera,Drosophilidae,Drosophila nasuta,male heterogametic,,,,,,242.4,245.7,-6.6
Insecta,Diptera,Drosophilidae,Drosophila neohypocausta,male heterogametic,,,,,,165.7,165.6,0.2
Insecta,Diptera,Drosophilidae,Drosophila kepulauana,male heterogametic,,,,,,224.6,237.3,-25.4
Insecta,Diptera,Drosophilidae,Drosophila kohkoa,male heterogametic,,,,,,271.9,255.6,32.6
Insecta,Diptera,Drosophilidae,Drosophila hypocausta,male heterogametic,,,,,,190.6,185.9,9.4
Insecta,Diptera,Drosophilidae,Drosophila rubida,male heterogametic,,,,,,218.7,213.42,10.56
Insecta,Diptera,Drosophilidae,Drosophila mediopictoides,male heterogametic,,,,,,188,184.3,7.4
Insecta,Diptera,Drosophilidae,Drosophila guttifera,male heterogametic,,,,,,186.3,173.2,26.2
Insecta,Diptera,Drosophilidae,Drosophila palustris,male heterogametic,,,,,,219.1,212.1,14
Insecta,Diptera,Drosophilidae,Drosophila subpalustris,male heterogametic,,,,,,214.7,212.2,5
Insecta,Diptera,Drosophilidae,Drosophila phalerata,male heterogametic,,,,,,240.3,233.3,14
Insecta,Diptera,Drosophilidae,Drosophila funebris,male heterogametic,,,,,,221.1,219.8,2.6
Insecta,Diptera,Drosophilidae,Drosophila arawakana,male heterogametic,,,,,,181.1,186.4,-10.6
Insecta,Diptera,Drosophilidae,Drosophila dunni,male heterogametic,,,,,,286.1,287,-1.8
Insecta,Diptera,Drosophilidae,Drosophila polymorpha,male heterogametic,,,,,,179.2,171.2,16
Insecta,Diptera,Drosophilidae,Drosophila cardini,male heterogametic,,,,,,215.7,212.5,6.4
Insecta,Diptera,Drosophilidae,Drosophila ornatifrons,male heterogametic,,,,,,291.3,286.1,10.4
Insecta,Diptera,Drosophilidae,Drosophila tripunctata,NA,,,,,,184.4,184.5,-0.2
Insecta,Diptera,Drosophilidae,Drosophila pallidipennis,male heterogametic,,,,,,330.9,325,11.8
Insecta,Diptera,Drosophilidae,Samoaia leonensis,male heterogametic,,,,,,261.8,260.4,2.8
Insecta,Diptera,Drosophilidae,Hirtodrosophila pictiventris,male heterogametic,,,,,,162.8,142.3,41
Insecta,Diptera,Drosophilidae,Drosophila busckii,Neo,,,,,,134.7,136.5,-3.6
Insecta,Diptera,Drosophilidae,Scaptodrosophila latifasciaeformis,NA,,,,,,201.7,201.8,-0.2
Insecta,Diptera,Drosophilidae,Drosophila affinis,male heterogametic,,,,,,208.1,184.8,46.6
Insecta,Diptera,Drosophilidae,Drosophila algonquin,male heterogametic,,,,,,205.2,194.2,22
Insecta,Diptera,Drosophilidae,Drosophila azteca,male heterogametic,,,,,,202.2,192.2,20
Insecta,Diptera,Drosophilidae,Drosophila tolteca,male heterogametic,,,,,,179,168.7,20.6
Insecta,Diptera,Drosophilidae,Drosophila narragansett,male heterogametic,,,,,,205.9,203.4,5
Insecta,Diptera,Drosophilidae,Drosophila miranda,Neo,,,,,,211.9,199.6,24.6
Insecta,Diptera,Drosophilidae,Drosophila persimilis,male heterogametic,,,,,,197.1,167.7,58.8
Insecta,Diptera,Drosophilidae,Drosophila pseudoobscura,Neo,,,,,,180.8,161.3,39
Insecta,Diptera,Drosophilidae,Drosophila ambigua,male heterogametic,,,,,,188.4,176.5,23.8
Insecta,Diptera,Drosophilidae,Drosophila bifasciata,male heterogametic,,,,,,210.6,196.2,28.8
Insecta,Diptera,Drosophilidae,Drosophila auraria,male heterogametic,,,,,,254.4,248.4,12
Insecta,Diptera,Drosophilidae,Drosophila quadraria,male heterogametic,,,,,,252.1,248.4,7.4
Insecta,Diptera,Drosophilidae,Drosophila triauraria,male heterogametic,,,,,,256.7,252.4,8.6
Insecta,Diptera,Drosophilidae,Drosophila biauraria,male heterogametic,,,,,,237.2,211.2,52
Insecta,Diptera,Drosophilidae,Drosophila lacteicornis,male heterogametic,,,,,,248.6,230.7,35.8
Insecta,Diptera,Drosophilidae,Drosophila rufa,male heterogametic,,,,,,256.8,246,21.6
Insecta,Diptera,Drosophilidae,Drosophila tani,NA,,,,,,211.5,200.8,21.4
Insecta,Diptera,Drosophilidae,Drosophila pectinifera,NA,,,,,,297.4,280.4,34
Insecta,Diptera,Drosophilidae,Drosophila baimaii,male heterogametic,,,,,,279.2,273.6,11.2
Insecta,Diptera,Drosophilidae,Drosophila birchii,male heterogametic,,,,,,191.2,190.4,1.6
Insecta,Diptera,Drosophilidae,Drosophila mayri,male heterogametic,,,,,,262.2,256.2,12
Insecta,Diptera,Drosophilidae,Drosophila barbarae,male heterogametic,,,,,,289.6,279.2,20.8
Insecta,Diptera,Drosophilidae,Drosophila bicornuta,male heterogametic,,,,,,245,226.6,36.8
Insecta,Diptera,Drosophilidae,Drosophila nikananu,male heterogametic,,,,,,219.7,220.6,-1.8
Insecta,Diptera,Drosophilidae,Drosophila diplacantha,NA,,,,,,273.2,270.4,5.6
Insecta,Diptera,Drosophilidae,Drosophila vulcana,male heterogametic,,,,,,226,221.1,9.8
Insecta,Diptera,Drosophilidae,Drosophila tsacasi,male heterogametic,,,,,,224.8,211.5,26.6
Insecta,Diptera,Drosophilidae,Drosophila seguyi,male heterogametic,,,,,,249.1,245.3,7.6
Insecta,Diptera,Drosophilidae,Drosophila greeni,male heterogametic,,,,,,244.1,236.7,14.8
Insecta,Diptera,Drosophilidae,Drosophila serrata,male heterogametic,,,,,,226.7,215.8,21.8
Insecta,Diptera,Drosophilidae,Drosophila bunnanda,NA,,,,,,238.3,232.5,11.6
Insecta,Diptera,Drosophilidae,Drosophila punjabiensis,male heterogametic,,,,,,200,194.9,10.2
Insecta,Diptera,Drosophilidae,Drosophila orosa,male heterogametic,,,,,,215.3,216.2,-1.8
Insecta,Diptera,Drosophilidae,Drosophila kikkawai,male heterogametic,25.4,25.19,-0.008302084,,mean,223,223.5,-1
Insecta,Diptera,Drosophilidae,Drosophila jambulina,male heterogametic,,,,,,219,210.4,17.2
Insecta,Diptera,Drosophilidae,Drosophila kanapiae,male heterogametic,,,,,,168.6,164.8,7.6
Insecta,Diptera,Drosophilidae,Drosophila ficusphila,male heterogametic,,,,,,201.8,192.8,18
Insecta,Diptera,Drosophilidae,Drosophila erecta,male heterogametic,21.03,31.78,0.412887171,,mean,184.2,184.8,-1.2
Insecta,Diptera,Drosophilidae,Drosophila orena,NA,,,,,,280.7,280.7,0
Insecta,Diptera,Drosophilidae,Drosophila santomea,NA,,,,,,181.9,178.3,7.2
Insecta,Diptera,Drosophilidae,Drosophila yakuba,male heterogametic,9.37,16.79,0.583270375,,mean,180.6,178.9,3.4
Insecta,Diptera,Drosophilidae,Drosophila teissieri,male heterogametic,,,,,,165,162.9,4.2
Insecta,Diptera,Drosophilidae,Drosophila mauritiana,male heterogametic,,,,,,164.9,162.6,4.6
Insecta,Diptera,Drosophilidae,Drosophila sechellia,male heterogametic,16.76,8.51,-0.677753152,,mean,208.3,190.9,34.8
Insecta,Diptera,Drosophilidae,Drosophila simulans,male heterogametic,37.44,28.79,-0.262711547,,mean,168.9,163.8,10.2
Insecta,Diptera,Drosophilidae,Drosophila melanogaster,male heterogametic,36.22,26.22,-0.323088974,,mean,174.5,172.1,4.8
Insecta,Diptera,Drosophilidae,Drosophila eugracilis,male heterogametic,,,,,,237.8,237.8,0
Insecta,Diptera,Drosophilidae,Drosophila paralutea,male heterogametic,,,,,,239.2,234.6,9.2
Insecta,Diptera,Drosophilidae,Drosophila prostipennis,male heterogametic,,,,,,245.5,239.8,11.4
Insecta,Diptera,Drosophilidae,Drosophila lutescens,male heterogametic,,,,,,229.6,231.9,-4.6
Insecta,Diptera,Drosophilidae,Drosophila takahashii,male heterogametic,,,,,,210.8,204,13.6
Insecta,Diptera,Drosophilidae,Drosophila pseudotakahashii,male heterogametic,,,,,,212.2,202.9,18.6
Insecta,Diptera,Drosophilidae,Drosophila mimetica,male heterogametic,,,,,,212.7,208.3,8.8
Insecta,Diptera,Drosophilidae,Drosophila suzukii,male heterogametic,,,,,,342.8,333.3,19
Insecta,Diptera,Drosophilidae,Drosophila lucipennis,male heterogametic,,,,,,274,274.1,-0.2
Insecta,Diptera,Drosophilidae,Drosophila elegans,male heterogametic,,,,,,218.5,217.9,1.2
Insecta,Diptera,Drosophilidae,Drosophila fuyamai,NA,,,,,,266.3,262.5,7.6
Insecta,Diptera,Drosophilidae,Drosophila malerkotliana,male heterogametic,,,,,,221.8,215.9,11.8
Insecta,Diptera,Drosophilidae,Drosophila bipectinata,male heterogametic,12.29,12.71,0.033603162,,mean,213,208.9,8.2
Insecta,Diptera,Drosophilidae,Drosophila pseudoananassae,male heterogametic,,,,,,223.6,215.5,16.2
Insecta,Diptera,Drosophilidae,Drosophila pseudoananassae nigrens,male heterogametic,,,,,,224,224,0
Insecta,Diptera,Drosophilidae,Drosophila parabipectinata,male heterogametic,,,,,,241,235.1,11.8
Insecta,Diptera,Drosophilidae,Drosophila phaeopleura,male heterogametic,,,,,,202.9,187.3,31.2
Insecta,Diptera,Drosophilidae,Drosophila atripex,male heterogametic,,,,,,198.2,194.8,6.8
Insecta,Diptera,Drosophilidae,Drosophila ananassae,male heterogametic,29.88,25.98,-0.139862349,,mean,205.1,198.6,13
Insecta,Diptera,Drosophilidae,Drosophila pallidosa,male heterogametic,,,,,,194.1,186.8,14.6
Insecta,Diptera,Drosophilidae,Drosophila ercepeae,male heterogametic,,,,,,224,221,6
Insecta,Diptera,Drosophilidae,Drosophila varians,male heterogametic,,,,,,166.7,156,21.4
Insecta,Diptera,Drosophilidae,Drosophila emarginata,male heterogametic,,,,,,218.4,211.7,13.4
Insecta,Diptera,Drosophilidae,Drosophila neocordata,male heterogametic,,,,,,219,219.8,-1.6
Insecta,Diptera,Drosophilidae,Drosophila paulistorum,male heterogametic,,,,,,244.7,250.1,-10.8
Insecta,Diptera,Drosophilidae,Drosophila equinoxialis,male heterogametic,,,,,,264.5,266.4,-3.8
Insecta,Diptera,Drosophilidae,Drosophila capricorni,male heterogametic,,,,,,211.8,205.4,12.8
Insecta,Diptera,Drosophilidae,Drosophila sucinea,male heterogametic,,,,,,215.1,211.3,7.6
Insecta,Diptera,Drosophilidae,Drosophila nebulosa,male heterogametic,,,,,,211.5,203.1,16.8
Insecta,Diptera,Drosophilidae,Hirtodrosophila duncani,NA,,,,,,251.6,244.3,14.6
Insecta,Diptera,Drosophilidae,Scaptodrosophila lebanonensis,Neo,,,,,,257.2,253.3,7.8
Insecta,Diptera,Drosophilidae,Scaptodrosophila pattersoni,NA,,,,,,251.9,256.9,-10
Insecta,Diptera,Drosophilidae,Scaptodrosophila stonei,NA,,,,,,206.8,208.3,-3
,,,,,,,,,,,,
,,,,,,,,,,,,
,,,,,,,,,,,,
,,,,,,,,,,,,
,,,,,,,,,,,,
,,,,,,,,,,,,
,,,,,,,,,,,,
,,,,,,,,,,,,
,,,,,,,,,,,,
,,,,,,,,,,,,
,,,,,,,,,,,,
,,,,,,,,,,,,
,,,,,,,,,,,,
,,,,,,,,,,,,
,,,,,,,,,,,,
,,,,,,,,,,,,
,,,,,,,,,,,,
,,,,,,,,,,,,
,,,,,,,,,,,,
,,,,,,,,,,,,
,,,,,,,,,,,,
,,,,,,,,,,,,
,,,,,,,,,,,,
,,,,,,,,,,,,
,,,,,,,,,,,,
,,,,,,,,,,,,
,,,,,,,,,,,,
,,,,,,,,,,,,
,,,,,,,,,,,,
,,,,,,,,,,,,
,,,,,,,,,,,,
,,,,,,,,,,,,
,,,,,,,,,,,,
,,,,,,,,,,,,
,,,,,,,,,,,,
,,,,,,,,,,,,
,,,,,,,,,,,,
,,,,,,,,,,,,
,,,,,,,,,,,,
,,,,,,,,,,,,
,,,,,,,,,,,,
,,,,,,,,,,,,
,,,,,,,,,,,,
,,,,,,,,,,,,
,,,,,,,,,,,,
,,,,,,,,,,,,
,,,,,,,,,,,,
,,,,,,,,,,,,
,,,,,,,,,,,,
,,,,,,,,,,,,
,,,,,,,,,,,,
,,,,,,,,,,,,
,,,,,,,,,,,,
,,,,,,,,,,,,
,,,,,,,,,,,,
,,,,,,,,,,,,
,,,,,,,,,,,,
,,,,,,,,,,,,
,,,,,,,,,,,,
,,,,,,,,,,,,
,,,,,,,,,,,,
,,,,,,,,,,,,
,,,,,,,,,,,,
,,,,,,,,,,,,
,,,,,,,,,,,,
,,,,,,,,,,,,
,,,,,,,,,,,,
,,,,,,,,,,,,
,,,,,,,,,,,,
,,,,,,,,,,,,
,,,,,,,,,,,,
,,,,,,,,,,,,
,,,,,,,,,,,,
,,,,,,,,,,,,
,,,,,,,,,,,,
,,,,,,,,,,,,
,,,,,,,,,,,,
,,,,,,,,,,,,
,,,,,,,,,,,,
,,,,,,,,,,,,
,,,,,,,,,,,,
,,,,,,,,,,,,
,,,,,,,,,,,,
,,,,,,,,,,,,
,,,,,,,,,,,,
,,,,,,,,,,,,
,,,,,,,,,,,,
,,,,,,,,,,,,
,,,,,,,,,,,,
,,,,,,,,,,,,
,,,,,,,,,,,,
,,,,,,,,,,,,
,,,,,,,,,,,,
,,,,,,,,,,,,
,,,,,,,,,,,,
,,,,,,,,,,,,
,,,,,,,,,,,,
,,,,,,,,,,,,
,,,,,,,,,,,,
,,,,,,,,,,,,
,,,,,,,,,,,,
,,,,,,,,,,,,
,,,,,,,,,,,,
,,,,,,,,,,,,
,,,,,,,,,,,,
,,,,,,,,,,,,
,,,,,,,,,,,,
,,,,,,,,,,,,
,,,,,,,,,,,,
,,,,,,,,,,,,
,,,,,,,,,,,,
,,,,,,,,,,,,
,,,,,,,,,,,,
,,,,,,,,,,,,
,,,,,,,,,,,,
,,,,,,,,,,,,
,,,,,,,,,,,,
,,,,,,,,,,,,
,,,,,,,,,,,,
,,,,,,,,,,,,
,,,,,,,,,,,,
,,,,,,,,,,,,
,,,,,,,,,,,,
,,,,,,,,,,,,
,,,,,,,,,,,,
,,,,,,,,,,,,
,,,,,,,,,,,,
,,,,,,,,,,,,
,,,,,,,,,,,,
,,,,,,,,,,,,
,,,,,,,,,,,,
,,,,,,,,,,,,
,,,,,,,,,,,,
,,,,,,,,,,,,
,,,,,,,,,,,,
,,,,,,,,,,,,
,,,,,,,,,,,,
,,,,,,,,,,,,
,,,,,,,,,,,,
,,,,,,,,,,,,
,,,,,,,,,,,,
,,,,,,,,,,,,
,,,,,,,,,,,,
,,,,,,,,,,,,
,,,,,,,,,,,,
,,,,,,,,,,,,
,,,,,,,,,,,,
,,,,,,,,,,,,
,,,,,,,,,,,,
,,,,,,,,,,,,
,,,,,,,,,,,,
,,,,,,,,,,,,
,,,,,,,,,,,,
,,,,,,,,,,,,
,,,,,,,,,,,,
,,,,,,,,,,,,
,,,,,,,,,,,,
,,,,,,,,,,,,
,,,,,,,,,,,,
,,,,,,,,,,,,
,,,,,,,,,,,,
,,,,,,,,,,,,
,,,,,,,,,,,,
,,,,,,,,,,,,
,,,,,,,,,,,,
,,,,,,,,,,,,
,,,,,,,,,,,,
,,,,,,,,,,,,
,,,,,,,,,,,,
,,,,,,,,,,,,
,,,,,,,,,,,,
,,,,,,,,,,,,
,,,,,,,,,,,,
,,,,,,,,,,,,
,,,,,,,,,,,,
,,,,,,,,,,,,
,,,,,,,,,,,,
,,,,,,,,,,,,
,,,,,,,,,,,,
,,,,,,,,,,,,
,,,,,,,,,,,,
,,,,,,,,,,,,
,,,,,,,,,,,,
,,,,,,,,,,,,
,,,,,,,,,,,,
,,,,,,,,,,,,
,,,,,,,,,,,,
,,,,,,,,,,,,
,,,,,,,,,,,,
,,,,,,,,,,,,
,,,,,,,,,,,,
,,,,,,,,,,,,
,,,,,,,,,,,,
,,,,,,,,,,,,
,,,,,,,,,,,,
,,,,,,,,,,,,
,,,,,,,,,,,,
,,,,,,,,,,,,
,,,,,,,,,,,,
,,,,,,,,,,,,
,,,,,,,,,,,,
,,,,,,,,,,,,
,,,,,,,,,,,,
,,,,,,,,,,,,
,,,,,,,,,,,,
,,,,,,,,,,,,
,,,,,,,,,,,,
,,,,,,,,,,,,
,,,,,,,,,,,,
,,,,,,,,,,,,
,,,,,,,,,,,,
,,,,,,,,,,,,
,,,,,,,,,,,,
,,,,,,,,,,,,
,,,,,,,,,,,,
,,,,,,,,,,,,
,,,,,,,,,,,,
,,,,,,,,,,,,
,,,,,,,,,,,,
,,,,,,,,,,,,
,,,,,,,,,,,,
,,,,,,,,,,,,
,,,,,,,,,,,,
,,,,,,,,,,,,
,,,,,,,,,,,,
,,,,,,,,,,,,
,,,,,,,,,,,,
,,,,,,,,,,,,
,,,,,,,,,,,,
,,,,,,,,,,,,
,,,,,,,,,,,,
,,,,,,,,,,,,
,,,,,,,,,,,,
,,,,,,,,,,,,
,,,,,,,,,,,,
,,,,,,,,,,,,
,,,,,,,,,,,,
,,,,,,,,,,,,
,,,,,,,,,,,,
,,,,,,,,,,,,
,,,,,,,,,,,,
,,,,,,,,,,,,
,,,,,,,,,,,,
,,,,,,,,,,,,
,,,,,,,,,,,,
,,,,,,,,,,,,
,,,,,,,,,,,,
,,,,,,,,,,,,
,,,,,,,,,,,,
,,,,,,,,,,,,
,,,,,,,,,,,,
,,,,,,,,,,,,
,,,,,,,,,,,,
,,,,,,,,,,,,
,,,,,,,,,,,,
,,,,,,,,,,,,
,,,,,,,,,,,,
,,,,,,,,,,,,
,,,,,,,,,,,,
,,,,,,,,,,,,
,,,,,,,,,,,,
,,,,,,,,,,,,
,,,,,,,,,,,,
,,,,,,,,,,,,
,,,,,,,,,,,,
,,,,,,,,,,,,
,,,,,,,,,,,,
,,,,,,,,,,,,
,,,,,,,,,,,,
,,,,,,,,,,,,
,,,,,,,,,,,,
,,,,,,,,,,,,
,,,,,,,,,,,,
,,,,,,,,,,,,
,,,,,,,,,,,,
,,,,,,,,,,,,
,,,,,,,,,,,,
,,,,,,,,,,,,
,,,,,,,,,,,,
,,,,,,,,,,,,
,,,,,,,,,,,,
,,,,,,,,,,,,
,,,,,,,,,,,,
,,,,,,,,,,,,
,,,,,,,,,,,,
,,,,,,,,,,,,
,,,,,,,,,,,,
,,,,,,,,,,,,
,,,,,,,,,,,,
,,,,,,,,,,,,
,,,,,,,,,,,,
,,,,,,,,,,,,
,,,,,,,,,,,,
,,,,,,,,,,,,
,,,,,,,,,,,,
,,,,,,,,,,,,
,,,,,,,,,,,,
,,,,,,,,,,,,
,,,,,,,,,,,,
,,,,,,,,,,,,
,,,,,,,,,,,,
,,,,,,,,,,,,
,,,,,,,,,,,,
,,,,,,,,,,,,
,,,,,,,,,,,,
,,,,,,,,,,,,
,,,,,,,,,,,,
,,,,,,,,,,,,
,,,,,,,,,,,,
,,,,,,,,,,,,
,,,,,,,,,,,,
,,,,,,,,,,,,
,,,,,,,,,,,,
,,,,,,,,,,,,
,,,,,,,,,,,,
,,,,,,,,,,,,
,,,,,,,,,,,,
,,,,,,,,,,,,
,,,,,,,,,,,,
,,,,,,,,,,,,
,,,,,,,,,,,,
,,,,,,,,,,,,
,,,,,,,,,,,,
,,,,,,,,,,,,
,,,,,,,,,,,,
,,,,,,,,,,,,
,,,,,,,,,,,,
,,,,,,,,,,,,
,,,,,,,,,,,,
,,,,,,,,,,,,
,,,,,,,,,,,,
,,,,,,,,,,,,
,,,,,,,,,,,,
,,,,,,,,,,,,
,,,,,,,,,,,,
,,,,,,,,,,,,
,,,,,,,,,,,,
,,,,,,,,,,,,
,,,,,,,,,,,,
,,,,,,,,,,,,
,,,,,,,,,,,,
,,,,,,,,,,,,
,,,,,,,,,,,,
,,,,,,,,,,,,
,,,,,,,,,,,,
,,,,,,,,,,,,
,,,,,,,,,,,,
,,,,,,,,,,,,
,,,,,,,,,,,,
,,,,,,,,,,,,
,,,,,,,,,,,,
,,,,,,,,,,,,
,,,,,,,,,,,,
,,,,,,,,,,,,
,,,,,,,,,,,,
,,,,,,,,,,,,
,,,,,,,,,,,,
,,,,,,,,,,,,
,,,,,,,,,,,,
,,,,,,,,,,,,
,,,,,,,,,,,,
,,,,,,,,,,,,
,,,,,,,,,,,,
,,,,,,,,,,,,
,,,,,,,,,,,,
,,,,,,,,,,,,
,,,,,,,,,,,,
,,,,,,,,,,,,
,,,,,,,,,,,,
,,,,,,,,,,,,
,,,,,,,,,,,,
,,,,,,,,,,,,
,,,,,,,,,,,,
,,,,,,,,,,,,
,,,,,,,,,,,,
,,,,,,,,,,,,
,,,,,,,,,,,,
,,,,,,,,,,,,
,,,,,,,,,,,,
,,,,,,,,,,,,
,,,,,,,,,,,,
,,,,,,,,,,,,
,,,,,,,,,,,,
,,,,,,,,,,,,
,,,,,,,,,,,,
,,,,,,,,,,,,
,,,,,,,,,,,,
,,,,,,,,,,,,
,,,,,,,,,,,,
,,,,,,,,,,,,
,,,,,,,,,,,,
,,,,,,,,,,,,
,,,,,,,,,,,,
,,,,,,,,,,,,
,,,,,,,,,,,,
,,,,,,,,,,,,
,,,,,,,,,,,,
,,,,,,,,,,,,
,,,,,,,,,,,,
,,,,,,,,,,,,
,,,,,,,,,,,,
,,,,,,,,,,,,
,,,,,,,,,,,,
,,,,,,,,,,,,
,,,,,,,,,,,,
,,,,,,,,,,,,
,,,,,,,,,,,,
,,,,,,,,,,,,
,,,,,,,,,,,,
,,,,,,,,,,,,
,,,,,,,,,,,,
,,,,,,,,,,,,
,,,,,,,,,,,,
,,,,,,,,,,,,
,,,,,,,,,,,,
,,,,,,,,,,,,
,,,,,,,,,,,,
,,,,,,,,,,,,
,,,,,,,,,,,,
,,,,,,,,,,,,
,,,,,,,,,,,,
,,,,,,,,,,,,
,,,,,,,,,,,,
,,,,,,,,,,,,
,,,,,,,,,,,,
,,,,,,,,,,,,
,,,,,,,,,,,,
,,,,,,,,,,,,
,,,,,,,,,,,,
,,,,,,,,,,,,
,,,,,,,,,,,,
,,,,,,,,,,,,
,,,,,,,,,,,,
,,,,,,,,,,,,
,,,,,,,,,,,,
,,,,,,,,,,,,
,,,,,,,,,,,,
,,,,,,,,,,,,
,,,,,,,,,,,,
,,,,,,,,,,,,
,,,,,,,,,,,,
,,,,,,,,,,,,
,,,,,,,,,,,,
,,,,,,,,,,,,
,,,,,,,,,,,,
,,,,,,,,,,,,
,,,,,,,,,,,,
,,,,,,,,,,,,
,,,,,,,,,,,,
,,,,,,,,,,,,
,,,,,,,,,,,,
,,,,,,,,,,,,
,,,,,,,,,,,,
,,,,,,,,,,,,
,,,,,,,,,,,,
,,,,,,,,,,,,
,,,,,,,,,,,,
,,,,,,,,,,,,
,,,,,,,,,,,,
,,,,,,,,,,,,
,,,,,,,,,,,,
,,,,,,,,,,,,
,,,,,,,,,,,,
,,,,,,,,,,,,
,,,,,,,,,,,,
,,,,,,,,,,,,
,,,,,,,,,,,,
,,,,,,,,,,,,
,,,,,,,,,,,,
,,,,,,,,,,,,
,,,,,,,,,,,,
,,,,,,,,,,,,
,,,,,,,,,,,,
,,,,,,,,,,,,
,,,,,,,,,,,,
,,,,,,,,,,,,
,,,,,,,,,,,,
,,,,,,,,,,,,
,,,,,,,,,,,,
,,,,,,,,,,,,
,,,,,,,,,,,,
,,,,,,,,,,,,
,,,,,,,,,,,,
,,,,,,,,,,,,
,,,,,,,,,,,,
,,,,,,,,,,,,
,,,,,,,,,,,,
,,,,,,,,,,,,
,,,,,,,,,,,,
,,,,,,,,,,,,
,,,,,,,,,,,,
,,,,,,,,,,,,
,,,,,,,,,,,,
,,,,,,,,,,,,
,,,,,,,,,,,,
,,,,,,,,,,,,
,,,,,,,,,,,,
,,,,,,,,,,,,
,,,,,,,,,,,,
,,,,,,,,,,,,
,,,,,,,,,,,,
,,,,,,,,,,,,
,,,,,,,,,,,,
,,,,,,,,,,,,
,,,,,,,,,,,,
,,,,,,,,,,,,
,,,,,,,,,,,,
,,,,,,,,,,,,
,,,,,,,,,,,,
,,,,,,,,,,,,
,,,,,,,,,,,,
,,,,,,,,,,,,
,,,,,,,,,,,,
,,,,,,,,,,,,
,,,,,,,,,,,,
,,,,,,,,,,,,
,,,,,,,,,,,,
,,,,,,,,,,,,
,,,,,,,,,,,,
,,,,,,,,,,,,
,,,,,,,,,,,,
,,,,,,,,,,,,
,,,,,,,,,,,,
,,,,,,,,,,,,
,,,,,,,,,,,,
,,,,,,,,,,,,
,,,,,,,,,,,,
,,,,,,,,,,,,
,,,,,,,,,,,,
,,,,,,,,,,,,
,,,,,,,,,,,,
,,,,,,,,,,,,
,,,,,,,,,,,,
,,,,,,,,,,,,
,,,,,,,,,,,,
,,,,,,,,,,,,
,,,,,,,,,,,,
,,,,,,,,,,,,
,,,,,,,,,,,,
,,,,,,,,,,,,
,,,,,,,,,,,,
,,,,,,,,,,,,
,,,,,,,,,,,,
,,,,,,,,,,,,
,,,,,,,,,,,,
,,,,,,,,,,,,
,,,,,,,,,,,,
,,,,,,,,,,,,
,,,,,,,,,,,,
,,,,,,,,,,,,
,,,,,,,,,,,,
,,,,,,,,,,,,
,,,,,,,,,,,,
,,,,,,,,,,,,
,,,,,,,,,,,,
,,,,,,,,,,,,
,,,,,,,,,,,,
,,,,,,,,,,,,
,,,,,,,,,,,,
,,,,,,,,,,,,
,,,,,,,,,,,,
,,,,,,,,,,,,
,,,,,,,,,,,,
,,,,,,,,,,,,
,,,,,,,,,,,,
,,,,,,,,,,,,
,,,,,,,,,,,,
,,,,,,,,,,,,
,,,,,,,,,,,,
,,,,,,,,,,,,
,,,,,,,,,,,,
,,,,,,,,,,,,
,,,,,,,,,,,,
,,,,,,,,,,,,
,,,,,,,,,,,,
,,,,,,,,,,,,
,,,,,,,,,,,,
,,,,,,,,,,,,
,,,,,,,,,,,,
,,,,,,,,,,,,
,,,,,,,,,,,,
,,,,,,,,,,,,
,,,,,,,,,,,,
,,,,,,,,,,,,
